{
  "hash": "973841da",
  "configHash": "8a54a243",
  "lockfileHash": "b0f7846d",
  "browserHash": "354e721f",
  "optimized": {
    "@angular/common": {
      "src": "../../../../../node_modules/@angular/common/fesm2022/common.mjs",
      "file": "@angular_common.js",
      "fileHash": "73cbef34",
      "needsInterop": false
    },
    "@angular/core": {
      "src": "../../../../../node_modules/@angular/core/fesm2022/core.mjs",
      "file": "@angular_core.js",
      "fileHash": "aa3f0ad3",
      "needsInterop": false
    },
    "@angular/platform-browser": {
      "src": "../../../../../node_modules/@angular/platform-browser/fesm2022/platform-browser.mjs",
      "file": "@angular_platform-browser.js",
      "fileHash": "ce12e437",
      "needsInterop": false
    },
    "@ngrx/store": {
      "src": "../../../../../node_modules/@ngrx/store/fesm2022/ngrx-store.mjs",
      "file": "@ngrx_store.js",
      "fileHash": "8a69d4e4",
      "needsInterop": false
    }
  },
  "chunks": {
    "chunk-WFBHFXRF": {
      "file": "chunk-WFBHFXRF.js"
    },
    "chunk-3RHRLDEK": {
      "file": "chunk-3RHRLDEK.js"
    }
  }
}